timestamp_seen,timestamp_post,id,type,trx_id,trx_num,block_num,required_auths,required_posting_auths,json
1621544007.2620726,1621544004.0,podping,custom_json,79f73814843ffbc4a86519892b421813d72b469f,3,54064851,[],['hivehydra'],"'{\n    ""version"": ""0.2"",\n    ""num_urls"": 5,\n    ""reason"": ""feed_update"",\n    ""urls"": [\n        ""https://feeds.buzzsprout.com/1136162.rss"",\n        ""https://feeds.buzzsprout.com/1783371.rss"",\n        ""https://feeds.buzzsprout.com/1735588.rss"",\n        ""https://feeds.buzzsprout.com/915826.rss"",\n        ""https://feeds.buzzsprout.com/1630774.rss""\n    ]\n}'"
1621544023.0149047,1621544022.0,podping,custom_json,b730c7afb85b0e8ea314288d4fb73d26558c3beb,52,54064857,[],['hivehydra'],"'{\n    ""version"": ""0.2"",\n    ""num_urls"": 2,\n    ""reason"": ""feed_update"",\n    ""urls"": [\n        ""https://media.rss.com/genimpactpodcast/feed.xml"",\n        ""https://feeds.buzzsprout.com/1532428.rss""\n    ]\n}'"
1621544048.1349583,1621544046.0,podping,custom_json,3392f765b5bfaed9320ae039909357c6fe4ea1d1,3,54064865,[],['hivehydra'],"'{\n    ""version"": ""0.2"",\n    ""num_urls"": 5,\n    ""reason"": ""feed_update"",\n    ""urls"": [\n        ""https://feeds.buzzsprout.com/1781233.rss"",\n        ""https://feeds.buzzsprout.com/1241612.rss"",\n        ""https://feeds.buzzsprout.com/1300039.rss"",\n        ""https://feeds.buzzsprout.com/1684228.rss"",\n        ""https://media.rss.com/10-33/feed.xml""\n    ]\n}'"
1621544070.1392932,1621544067.0,podping,custom_json,abfb446e26037bc3c842737290097e742249f7a3,18,54064872,[],['hivehydra'],"'{\n    ""version"": ""0.2"",\n    ""num_urls"": 4,\n    ""reason"": ""feed_update"",\n    ""urls"": [\n        ""https://feeds.buzzsprout.com/1734785.rss"",\n        ""https://feeds.buzzsprout.com/919402.rss"",\n        ""https://feeds.buzzsprout.com/1754215.rss"",\n        ""https://feeds.buzzsprout.com/919402.rss""\n    ]\n}'"
1621544089.0701072,1621544088.0,podping,custom_json,177d1eacfe295652a16981ab4d17489066a1c6cb,4,54064879,[],['hivehydra'],"'{\n    ""version"": ""0.2"",\n    ""num_urls"": 2,\n    ""reason"": ""feed_update"",\n    ""urls"": [\n        ""https://feeds.buzzsprout.com/1724037.rss"",\n        ""https://feeds.buzzsprout.com/1779518.rss""\n    ]\n}'"
1621544111.1087005,1621544109.0,podping,custom_json,0767a9f4031d9b016787638addb25880b77fac99,11,54064886,[],['hivehydra'],"'{\n    ""version"": ""0.2"",\n    ""num_urls"": 4,\n    ""reason"": ""feed_update"",\n    ""urls"": [\n        ""https://feeds.buzzsprout.com/1784388.rss"",\n        ""https://feeds.buzzsprout.com/800783.rss"",\n        ""https://feeds.buzzsprout.com/195236.rss"",\n        ""https://media.rss.com/vulnerabilitydiaries/feed.xml""\n    ]\n}'"
1621544133.1129441,1621544130.0,podping,custom_json,0efb34cee6240f63728c3f09951685ae981485a6,6,54064893,[],['hivehydra'],"'{\n    ""version"": ""0.2"",\n    ""num_urls"": 4,\n    ""reason"": ""feed_update"",\n    ""urls"": [\n        ""https://feeds.buzzsprout.com/695056.rss"",\n        ""https://feeds.buzzsprout.com/1338046.rss"",\n        ""https://feeds.buzzsprout.com/1700113.rss"",\n        ""https://feeds.buzzsprout.com/1157177.rss""\n    ]\n}'"
1621544155.0760753,1621544151.0,podping,custom_json,fc472b44cdf20ba7d7212ed4fbf29a82b3592be8,30,54064900,[],['hivehydra'],"'{\n    ""version"": ""0.2"",\n    ""num_urls"": 10,\n    ""reason"": ""feed_update"",\n    ""urls"": [\n        ""https://feeds.buzzsprout.com/1146653.rss"",\n        ""https://media.rss.com/prayingalways/feed.xml"",\n        ""https://feeds.buzzsprout.com/693544.rss"",\n        ""https://feeds.buzzsprout.com/1740159.rss"",\n        ""https://feeds.buzzsprout.com/746561.rss"",\n        ""https://feeds.buzzsprout.com/1751786.rss"",\n        ""https://feeds.buzzsprout.com/1294421.rss"",\n        ""https://media.rss.com/nbpuo/feed.xml"",\n        ""https://feeds.buzzsprout.com/1659982.rss"",\n        ""https://feeds.buzzsprout.com/1718101.rss""\n    ]\n}'"
1621544177.192291,1621544175.0,podping,custom_json,268e571379706f2c42f4a669dd196444c0325934,5,54064908,[],['hivehydra'],"'{\n    ""version"": ""0.2"",\n    ""num_urls"": 6,\n    ""reason"": ""feed_update"",\n    ""urls"": [\n        ""https://media.rss.com/10-33/feed.xml"",\n        ""https://feeds.buzzsprout.com/989500.rss"",\n        ""https://media.rss.com/instepwithgod/feed.xml"",\n        ""https://feeds.buzzsprout.com/1469761.rss"",\n        ""https://media.rss.com/sunshineandsocialjustice/feed.xml"",\n        ""https://media.rss.com/sunshineandsocialjustice/feed.xml""\n    ]\n}'"
1621544196.150639,1621544196.0,podping,custom_json,6c886e4a823b845cae7e456e8b7ee09ff2119f74,6,54064915,[],['hivehydra'],"'{\n    ""version"": ""0.2"",\n    ""num_urls"": 5,\n    ""reason"": ""feed_update"",\n    ""urls"": [\n        ""https://feeds.buzzsprout.com/208614.rss"",\n        ""https://feeds.buzzsprout.com/1211477.rss"",\n        ""https://feeds.buzzsprout.com/1726954.rss"",\n        ""https://feeds.buzzsprout.com/1206941.rss"",\n        ""https://feeds.buzzsprout.com/1663318.rss""\n    ]\n}'"
1621544218.1205328,1621544217.0,podping,custom_json,c68aca63f81f261e3327f5b6c01ac2f6038c4d2b,3,54064922,[],['hivehydra'],"'{\n    ""version"": ""0.2"",\n    ""num_urls"": 5,\n    ""reason"": ""feed_update"",\n    ""urls"": [\n        ""https://feeds.buzzsprout.com/1783535.rss"",\n        ""https://feeds.buzzsprout.com/287009.rss"",\n        ""https://feeds.buzzsprout.com/1760027.rss"",\n        ""https://feeds.buzzsprout.com/1786027.rss"",\n        ""https://feeds.buzzsprout.com/1327590.rss""\n    ]\n}'"
1621544240.1346126,1621544238.0,podping,custom_json,deb5ae5ec88aa0cfc2af601d9d2d10879a8bbc12,22,54064929,[],['hivehydra'],"'{\n    ""version"": ""0.2"",\n    ""num_urls"": 5,\n    ""reason"": ""feed_update"",\n    ""urls"": [\n        ""https://feeds.buzzsprout.com/840319.rss"",\n        ""https://media.rss.com/vulnerabilitydiaries/feed.xml"",\n        ""https://feeds.buzzsprout.com/1616944.rss"",\n        ""https://feeds.buzzsprout.com/1510108.rss"",\n        ""https://feeds.buzzsprout.com/1781364.rss""\n    ]\n}'"
1621544262.1183734,1621544259.0,podping,custom_json,c2267006a7c3552e35a01288e3b25fb0bf5cb32b,25,54064936,[],['hivehydra'],"'{\n    ""version"": ""0.2"",\n    ""num_urls"": 4,\n    ""reason"": ""feed_update"",\n    ""urls"": [\n        ""https://feeds.buzzsprout.com/353171.rss"",\n        ""https://feeds.buzzsprout.com/244088.rss"",\n        ""https://feeds.buzzsprout.com/1757465.rss"",\n        ""https://feeds.buzzsprout.com/1269656.rss""\n    ]\n}'"
1621544284.1702507,1621544283.0,podping,custom_json,49791fdcf6bc4f71e6c7b6cf0c64fc48f016f47d,3,54064944,[],['hivehydra'],"'{\n    ""version"": ""0.2"",\n    ""num_urls"": 4,\n    ""reason"": ""feed_update"",\n    ""urls"": [\n        ""https://feeds.buzzsprout.com/1080134.rss"",\n        ""https://media.rss.com/sunshineandsocialjustice/feed.xml"",\n        ""https://feeds.buzzsprout.com/1651261.rss"",\n        ""https://feeds.buzzsprout.com/1726303.rss""\n    ]\n}'"
1621544306.1324024,1621544304.0,podping,custom_json,e663c2e6a08af2f1256db8b15af40a3d9c8ee22c,8,54064951,[],['hivehydra'],"'{\n    ""version"": ""0.2"",\n    ""num_urls"": 3,\n    ""reason"": ""feed_update"",\n    ""urls"": [\n        ""https://feeds.buzzsprout.com/20788.rss"",\n        ""https://feeds.buzzsprout.com/1159070.rss"",\n        ""https://feeds.buzzsprout.com/1707517.rss""\n    ]\n}'"
1621544328.1108012,1621544325.0,podping,custom_json,eed04eaa2ca09d53819391dca7cccec3652ee0d8,0,54064958,[],['hivehydra'],"'{\n    ""version"": ""0.2"",\n    ""num_urls"": 5,\n    ""reason"": ""feed_update"",\n    ""urls"": [\n        ""https://feeds.buzzsprout.com/1766625.rss"",\n        ""https://feeds.buzzsprout.com/1496929.rss"",\n        ""https://feeds.buzzsprout.com/1753059.rss"",\n        ""https://feeds.buzzsprout.com/1768523.rss"",\n        ""https://feeds.buzzsprout.com/284746.rss""\n    ]\n}'"
1621544347.0617788,1621544346.0,podping,custom_json,85fbbbe7597e5c060655bc24411f4e52112bff2f,5,54064965,[],['hivehydra'],"'{\n    ""version"": ""0.2"",\n    ""num_urls"": 8,\n    ""reason"": ""feed_update"",\n    ""urls"": [\n        ""https://feeds.buzzsprout.com/1271309.rss"",\n        ""https://feeds.buzzsprout.com/1724548.rss"",\n        ""https://media.rss.com/hehehe/feed.xml"",\n        ""https://feeds.buzzsprout.com/1539988.rss"",\n        ""https://feeds.buzzsprout.com/1776811.rss"",\n        ""https://media.rss.com/robdiddy/feed.xml"",\n        ""https://feeds.buzzsprout.com/1324918.rss"",\n        ""https://media.rss.com/hehehe/feed.xml""\n    ]\n}'"
1621544372.2781634,1621544367.0,podping,custom_json,e21c00c5d83f6ee2434ef52fc3d82a5270469d06,76,54064972,[],['hivehydra'],"'{\n    ""version"": ""0.2"",\n    ""num_urls"": 3,\n    ""reason"": ""feed_update"",\n    ""urls"": [\n        ""https://feeds.buzzsprout.com/1595416.rss"",\n        ""https://feeds.buzzsprout.com/1579633.rss"",\n        ""https://feeds.buzzsprout.com/1507327.rss""\n    ]\n}'"
1621544391.4184587,1621544388.0,podping,custom_json,d93202170bec92977d479859f5f882ff6624d617,26,54064979,[],['hivehydra'],"'{\n    ""version"": ""0.2"",\n    ""num_urls"": 1,\n    ""reason"": ""feed_update"",\n    ""urls"": [\n        ""https://feeds.buzzsprout.com/72183.rss""\n    ]\n}'"
1621544394.5944185,1621544391.0,podping,custom_json,f5504d1f062f1b4cd828c0b5791822af3def9007,35,54064980,[],['hivehydra'],"'{\n    ""version"": ""0.2"",\n    ""num_urls"": 10,\n    ""reason"": ""feed_update"",\n    ""urls"": [\n        ""https://feeds.buzzsprout.com/1256909.rss"",\n        ""https://feeds.buzzsprout.com/1491751.rss"",\n        ""https://feeds.buzzsprout.com/1466482.rss"",\n        ""https://feeds.buzzsprout.com/639901.rss"",\n        ""https://feeds.buzzsprout.com/1682926.rss"",\n        ""https://feeds.buzzsprout.com/1108748.rss"",\n        ""https://feeds.buzzsprout.com/1650910.rss"",\n        ""https://feeds.buzzsprout.com/1402624.rss"",\n        ""https://feeds.buzzsprout.com/1779033.rss"",\n        ""https://feeds.buzzsprout.com/1279565.rss""\n    ]\n}'"
1621544397.7669744,1621544394.0,podping,custom_json,c2ab3dc87cc781ead87bc6c9c7370fb7ed4d19e8,42,54064981,[],['hivehydra'],"'{\n    ""version"": ""0.2"",\n    ""num_urls"": 10,\n    ""reason"": ""feed_update"",\n    ""urls"": [\n        ""https://feeds.buzzsprout.com/1738914.rss"",\n        ""https://feeds.buzzsprout.com/848314.rss"",\n        ""https://feeds.buzzsprout.com/932215.rss"",\n        ""https://feeds.buzzsprout.com/1374343.rss"",\n        ""https://feeds.buzzsprout.com/4012.rss"",\n        ""https://feeds.buzzsprout.com/1052110.rss"",\n        ""https://feeds.buzzsprout.com/1270442.rss"",\n        ""https://feeds.buzzsprout.com/1730716.rss"",\n        ""https://feeds.buzzsprout.com/1009024.rss"",\n        ""https://feeds.buzzsprout.com/733988.rss""\n    ]\n}'"
1621544397.9011219,1621544397.0,podping,custom_json,827eca5936a040c631ebd5d7c2cdf3e0a4f94171,18,54064982,[],['hivehydra'],"'{\n    ""version"": ""0.2"",\n    ""num_urls"": 10,\n    ""reason"": ""feed_update"",\n    ""urls"": [\n        ""https://feeds.buzzsprout.com/894058.rss"",\n        ""https://feeds.buzzsprout.com/971821.rss"",\n        ""https://feeds.buzzsprout.com/795737.rss"",\n        ""https://feeds.buzzsprout.com/1478881.rss"",\n        ""https://feeds.buzzsprout.com/1469452.rss"",\n        ""https://feeds.buzzsprout.com/1376404.rss"",\n        ""https://feeds.buzzsprout.com/1595680.rss"",\n        ""https://feeds.buzzsprout.com/1454836.rss"",\n        ""https://feeds.buzzsprout.com/371513.rss"",\n        ""https://feeds.buzzsprout.com/1628197.rss""\n    ]\n}'"
1621544403.4710987,1621544400.0,podping,custom_json,5b0de9c52e4556ea5f41fbb6d7d05ba9e39a0aa7,23,54064983,[],['hivehydra'],"'{\n    ""version"": ""0.2"",\n    ""num_urls"": 10,\n    ""reason"": ""feed_update"",\n    ""urls"": [\n        ""https://feeds.buzzsprout.com/289534.rss"",\n        ""https://feeds.buzzsprout.com/1338046.rss"",\n        ""https://feeds.buzzsprout.com/1519351.rss"",\n        ""https://feeds.buzzsprout.com/1781985.rss"",\n        ""https://feeds.buzzsprout.com/543925.rss"",\n        ""https://feeds.buzzsprout.com/20788.rss"",\n        ""https://feeds.buzzsprout.com/1599865.rss"",\n        ""https://feeds.buzzsprout.com/1752569.rss"",\n        ""https://feeds.buzzsprout.com/1656130.rss"",\n        ""https://feeds.buzzsprout.com/905152.rss""\n    ]\n}'"
1621544425.8261333,1621544424.0,podping,custom_json,4a666aba1fedbe4b366a8b291693bd36b2a8f2db,9,54064991,[],['hivehydra'],"'{\n    ""version"": ""0.2"",\n    ""num_urls"": 10,\n    ""reason"": ""feed_update"",\n    ""urls"": [\n        ""https://feeds.buzzsprout.com/1785777.rss"",\n        ""https://feeds.buzzsprout.com/1784443.rss"",\n        ""https://feeds.buzzsprout.com/1737786.rss"",\n        ""https://feeds.buzzsprout.com/1610350.rss"",\n        ""https://feeds.buzzsprout.com/899899.rss"",\n        ""https://feeds.buzzsprout.com/1776020.rss"",\n        ""https://feeds.buzzsprout.com/556429.rss"",\n        ""https://feeds.buzzsprout.com/1129445.rss"",\n        ""https://feeds.buzzsprout.com/465196.rss"",\n        ""https://feeds.buzzsprout.com/227385.rss""\n    ]\n}'"
1621544425.8287756,1621544424.0,podping,custom_json,c64033575957b6863f208e651161a24c2453d7d6,28,54064991,[],['hivehydra'],"'{\n    ""version"": ""0.2"",\n    ""num_urls"": 10,\n    ""reason"": ""feed_update"",\n    ""urls"": [\n        ""https://feeds.buzzsprout.com/802820.rss"",\n        ""https://feeds.buzzsprout.com/901072.rss"",\n        ""https://feeds.buzzsprout.com/1785997.rss"",\n        ""https://feeds.buzzsprout.com/1776363.rss"",\n        ""https://feeds.buzzsprout.com/708843.rss"",\n        ""https://feeds.buzzsprout.com/1194863.rss"",\n        ""https://feeds.buzzsprout.com/1755020.rss"",\n        ""https://feeds.buzzsprout.com/1524745.rss"",\n        ""https://feeds.buzzsprout.com/1709092.rss"",\n        ""https://feeds.buzzsprout.com/1731864.rss""\n    ]\n}'"
1621544432.1580262,1621544430.0,podping,custom_json,e0f8da4685bd0730413fe2ca56ee10b55c709a00,6,54064993,[],['hivehydra'],"'{\n    ""version"": ""0.2"",\n    ""num_urls"": 10,\n    ""reason"": ""feed_update"",\n    ""urls"": [\n        ""https://feeds.buzzsprout.com/1737407.rss"",\n        ""https://feeds.buzzsprout.com/1226297.rss"",\n        ""https://feeds.buzzsprout.com/1644073.rss"",\n        ""https://feeds.buzzsprout.com/1761604.rss"",\n        ""https://feeds.buzzsprout.com/1776298.rss"",\n        ""https://feeds.buzzsprout.com/1744772.rss"",\n        ""https://feeds.buzzsprout.com/1621543.rss"",\n        ""https://feeds.buzzsprout.com/1761385.rss"",\n        ""https://feeds.buzzsprout.com/1656709.rss"",\n        ""https://feeds.buzzsprout.com/940777.rss""\n    ]\n}'"
1621544432.1600637,1621544430.0,podping,custom_json,c2a51adc9f56f7d8ca9aef17bf2f430eeaa03eea,31,54064993,[],['hivehydra'],"'{\n    ""version"": ""0.2"",\n    ""num_urls"": 10,\n    ""reason"": ""feed_update"",\n    ""urls"": [\n        ""https://feeds.buzzsprout.com/1769338.rss"",\n        ""https://feeds.buzzsprout.com/1360846.rss"",\n        ""https://feeds.buzzsprout.com/1641163.rss"",\n        ""https://feeds.buzzsprout.com/1237028.rss"",\n        ""https://feeds.buzzsprout.com/1621621.rss"",\n        ""https://feeds.buzzsprout.com/1108769.rss"",\n        ""https://feeds.buzzsprout.com/1651261.rss"",\n        ""https://feeds.buzzsprout.com/1786008.rss"",\n        ""https://feeds.buzzsprout.com/1584517.rss"",\n        ""https://feeds.buzzsprout.com/1375045.rss""\n    ]\n}'"
1621544435.2939205,1621544433.0,podping,custom_json,3aea2392c9782d1f00ba0e287bb1552b82dd9069,42,54064994,[],['hivehydra'],"'{\n    ""version"": ""0.2"",\n    ""num_urls"": 10,\n    ""reason"": ""feed_update"",\n    ""urls"": [\n        ""https://feeds.buzzsprout.com/1173152.rss"",\n        ""https://feeds.buzzsprout.com/979138.rss"",\n        ""https://feeds.buzzsprout.com/907126.rss"",\n        ""https://feeds.buzzsprout.com/1391371.rss"",\n        ""https://feeds.buzzsprout.com/1510987.rss"",\n        ""https://feeds.buzzsprout.com/765302.rss"",\n        ""https://feeds.buzzsprout.com/1741351.rss"",\n        ""https://feeds.buzzsprout.com/1484140.rss"",\n        ""https://feeds.buzzsprout.com/1436476.rss"",\n        ""https://feeds.buzzsprout.com/1367023.rss""\n    ]\n}'"
1621544463.6267228,1621544460.0,podping,custom_json,4d64cac44af8b17f1b045e8e9d65527d9f6c3287,3,54065003,[],['hivehydra'],"'{\n    ""version"": ""0.2"",\n    ""num_urls"": 10,\n    ""reason"": ""feed_update"",\n    ""urls"": [\n        ""https://feeds.buzzsprout.com/1642771.rss"",\n        ""https://feeds.buzzsprout.com/1076782.rss"",\n        ""https://feeds.buzzsprout.com/1119893.rss"",\n        ""https://feeds.buzzsprout.com/1729878.rss"",\n        ""https://feeds.buzzsprout.com/1658245.rss"",\n        ""https://feeds.buzzsprout.com/1483387.rss"",\n        ""https://feeds.buzzsprout.com/1240880.rss"",\n        ""https://feeds.buzzsprout.com/1729936.rss"",\n        ""https://feeds.buzzsprout.com/1284935.rss"",\n        ""https://feeds.buzzsprout.com/1783658.rss""\n    ]\n}'"
1621544463.6314888,1621544460.0,podping,custom_json,772d1f0f6fbe6b5236407ee724f58a189c7cf31b,18,54065003,[],['hivehydra'],"'{\n    ""version"": ""0.2"",\n    ""num_urls"": 10,\n    ""reason"": ""feed_update"",\n    ""urls"": [\n        ""https://feeds.buzzsprout.com/1213793.rss"",\n        ""https://feeds.buzzsprout.com/1194179.rss"",\n        ""https://feeds.buzzsprout.com/1533673.rss"",\n        ""https://feeds.buzzsprout.com/1156052.rss"",\n        ""https://feeds.buzzsprout.com/823564.rss"",\n        ""https://feeds.buzzsprout.com/400597.rss"",\n        ""https://feeds.buzzsprout.com/748895.rss"",\n        ""https://feeds.buzzsprout.com/1554737.rss"",\n        ""https://feeds.buzzsprout.com/1121972.rss"",\n        ""https://feeds.buzzsprout.com/1785287.rss""\n    ]\n}'"
1621544466.7654326,1621544463.0,podping,custom_json,0b4990b5715df2a5eb86935c4312a9df40bc67d6,12,54065004,[],['hivehydra'],"'{\n    ""version"": ""0.2"",\n    ""num_urls"": 10,\n    ""reason"": ""feed_update"",\n    ""urls"": [\n        ""https://feeds.buzzsprout.com/930835.rss"",\n        ""https://feeds.buzzsprout.com/1176605.rss"",\n        ""https://feeds.buzzsprout.com/1053697.rss"",\n        ""https://feeds.buzzsprout.com/1652932.rss"",\n        ""https://feeds.buzzsprout.com/284746.rss"",\n        ""https://feeds.buzzsprout.com/1059997.rss"",\n        ""https://feeds.buzzsprout.com/1754215.rss"",\n        ""https://feeds.buzzsprout.com/276698.rss"",\n        ""https://feeds.buzzsprout.com/1702303.rss"",\n        ""https://feeds.buzzsprout.com/1054381.rss""\n    ]\n}'"
1621544466.8598158,1621544466.0,podping,custom_json,8b88850a4b636ef7365c418943bfc83692380079,10,54065005,[],['hivehydra'],"'{\n    ""version"": ""0.2"",\n    ""num_urls"": 10,\n    ""reason"": ""feed_update"",\n    ""urls"": [\n        ""https://feeds.buzzsprout.com/1162682.rss"",\n        ""https://feeds.buzzsprout.com/1072555.rss"",\n        ""https://feeds.buzzsprout.com/907516.rss"",\n        ""https://feeds.buzzsprout.com/64813.rss"",\n        ""https://feeds.buzzsprout.com/1632535.rss"",\n        ""https://feeds.buzzsprout.com/1026892.rss"",\n        ""https://feeds.buzzsprout.com/1648177.rss"",\n        ""https://feeds.buzzsprout.com/854899.rss"",\n        ""https://feeds.buzzsprout.com/1233461.rss"",\n        ""https://feeds.buzzsprout.com/1217054.rss""\n    ]\n}'"
1621544469.994904,1621544469.0,podping,custom_json,107825c218f4af300ba92bffa4edaf971fbe5bd9,12,54065006,[],['hivehydra'],"'{\n    ""version"": ""0.2"",\n    ""num_urls"": 10,\n    ""reason"": ""feed_update"",\n    ""urls"": [\n        ""https://feeds.buzzsprout.com/978004.rss"",\n        ""https://feeds.buzzsprout.com/1683997.rss"",\n        ""https://feeds.buzzsprout.com/1009438.rss"",\n        ""https://feeds.buzzsprout.com/1730737.rss"",\n        ""https://feeds.buzzsprout.com/1685602.rss"",\n        ""https://feeds.buzzsprout.com/1527827.rss"",\n        ""https://feeds.buzzsprout.com/393796.rss"",\n        ""https://feeds.buzzsprout.com/800783.rss"",\n        ""https://feeds.buzzsprout.com/1672132.rss"",\n        ""https://feeds.buzzsprout.com/1469332.rss""\n    ]\n}'"
